{
    "description": "Adafruit GFX graphics core library, this is the 'core' class that all our other graphics libraries derive from.", 
    "repository": {
        "url": "https://github.com/adafruit/Adafruit-GFX-Library", 
        "type": "git"
    }, 
    "platforms": [
        "atmelavr", 
        "atmelsam", 
        "espressif8266", 
        "intel_arc32", 
        "microchippic32", 
        "nordicnrf51", 
        "teensy", 
        "timsp430"
    ], 
    "export": {
        "exclude": [
            "extras", 
            "docs", 
            "tests", 
            "test", 
            "*.doxyfile", 
            "*.pdf"
        ], 
        "include": null
    }, 
    "authors": [
        {
            "maintainer": true, 
            "name": "Adafruit", 
            "url": null, 
            "email": "info@adafruit.com"
        }
    ], 
    "keywords": [
        "display"
    ], 
    "id": 13, 
    "name": "Adafruit GFX Library", 
    "frameworks": [
        "arduino"
    ], 
    "version": "1.2.3", 
    "homepage": null
}