{
    "name": "DS1307", 
    "repository": {
        "url": "https://github.com/watterott/Arduino-Libs.git", 
        "type": "git"
    }, 
    "platforms": [
        "atmelavr"
    ], 
    "frameworks": [
        "arduino"
    ], 
    "version": "ef69c87b0d", 
    "export": {
        "include": "DS1307"
    }, 
    "authors": [
        {
            "maintainer": false, 
            "name": "Watterott electronic", 
            "url": "https://github.com/watterott", 
            "email": null
        }
    ], 
    "keywords": [
        "i2c", 
        "clock", 
        "rtc", 
        "time"
    ], 
    "id": 145, 
    "description": "DS1307 RTC (Real-Time-Clock)"
}